{"validation_loss": 4.373926162719727, "bleu": 13.429720492277585}