{"validation_loss": 3.6099061965942383, "bleu": 11.912674686666843}