{"validation_loss": 4.364618301391602, "bleu": 14.19299006087289}