{"validation_loss": 3.8956282138824463, "bleu": 14.935554486329567}