{"validation_loss": 3.8894827365875244, "bleu": 14.785390578155308}