{"validation_loss": 3.511282444000244, "bleu": 13.804458065508413}