{"validation_loss": 4.204964637756348, "bleu": 14.55388218568748}