{"validation_loss": 3.541747808456421, "bleu": 13.144395992525807}