{"validation_loss": 3.5502378940582275, "bleu": 12.187026668948404}