{"validation_loss": 3.76193904876709, "bleu": 14.685609874610861}