{"validation_loss": 3.6144819259643555, "bleu": 14.737274014493394}