{"validation_loss": 4.564006328582764, "bleu": 13.651354005685803}