{"validation_loss": 4.201773643493652, "bleu": 13.178962260178736}