{"validation_loss": 3.782945394515991, "bleu": 11.940655546217561}