{"validation_loss": 3.473557233810425, "bleu": 12.976605501961402}