{"validation_loss": 4.045705795288086, "bleu": 14.26736639637657}