{"validation_loss": 5.465761989355087, "bleu": 2.832474065992224, "training_time": 44.85159778594971, "tokens_per_sec": 14269.279838242186}