{"validation_loss": 5.80033652484417, "bleu": 0.6194717292197168, "training_time": 45.33194446563721, "tokens_per_sec": 14118.079591426673}