{"validation_loss": 4.022200107574463, "bleu": 9.848262654682934}