{"validation_loss": 4.0551605224609375, "bleu": 14.84119255615143}