{"validation_loss": 3.6192049980163574, "bleu": 13.092695157371569}