{"validation_loss": 4.509520053863525, "bleu": 7.467020149188989}