{"validation_loss": 3.754023313522339, "bleu": 14.816593473566893}