{"validation_loss": 5.107373774051666, "bleu": 5.6071668208208525, "training_time": 29.31313419342041, "tokens_per_sec": 196219.4641627111}