{"validation_loss": 5.459281742572784, "bleu": 4.259668473193095, "training_time": 29.300266981124878, "tokens_per_sec": 196224.17600502478}