{"validation_loss": 5.093507707118988, "bleu": 4.631716257664077, "training_time": 29.31460428237915, "tokens_per_sec": 196168.04580655516}