{"validation_loss": 5.115649044513702, "bleu": 5.219524062886537, "training_time": 29.42394256591797, "tokens_per_sec": 196261.55038761697}