{"validation_loss": 5.093507707118988, "bleu": 4.631716257664077, "training_time": 29.43437910079956, "tokens_per_sec": 214065.8942504341}