{"validation_loss": 5.115649044513702, "bleu": 5.219524062886537, "training_time": 29.26763415336609, "tokens_per_sec": 214183.57820484525}