{"validation_loss": 5.296359837055206, "bleu": 4.37957249937663, "training_time": 29.298150062561035, "tokens_per_sec": 196165.80792059354}