{"validation_loss": 5.081272065639496, "bleu": 5.576235386832007, "training_time": 29.406909704208374, "tokens_per_sec": 214125.88497151196}