{"validation_loss": 5.728743076324463, "bleu": 2.6207486180580317, "training_time": 29.302018880844116, "tokens_per_sec": 196131.37632195785}