{"validation_loss": 5.193233609199524, "bleu": 4.089820546905093, "training_time": 29.29673933982849, "tokens_per_sec": 196255.27324170136}