{"validation_loss": 5.125416040420532, "bleu": 5.36256175126026, "training_time": 29.306464910507202, "tokens_per_sec": 196272.97261517483}