{"validation_loss": 6.371758937835693, "bleu": 0.661895840314798, "training_time": 29.782487154006958, "tokens_per_sec": 209591.09469519762}