{"validation_loss": 5.107373774051666, "bleu": 5.6071668208208525, "training_time": 29.442148208618164, "tokens_per_sec": 214122.57132602306}