{"validation_loss": 5.459281742572784, "bleu": 4.259668473193095, "training_time": 29.479565143585205, "tokens_per_sec": 214273.03658035767}