{"validation_loss": 5.296359837055206, "bleu": 4.37957249937663, "training_time": 29.42306661605835, "tokens_per_sec": 214290.56097114264}