{"validation_loss": 5.728743076324463, "bleu": 2.6207486180580317, "training_time": 29.446566820144653, "tokens_per_sec": 214275.20626233527}