{"validation_loss": 5.125416040420532, "bleu": 5.36256175126026, "training_time": 29.43177628517151, "tokens_per_sec": 214142.625373955}