{"validation_loss": 5.081272065639496, "bleu": 5.576235386832007, "training_time": 29.314387321472168, "tokens_per_sec": 196229.80242664946}