{"validation_loss": 6.371758937835693, "bleu": 0.661895840314798, "training_time": 30.179449558258057, "tokens_per_sec": 191040.8313596214}