{"validation_loss": 5.193233609199524, "bleu": 4.089820546905093, "training_time": 29.44822382926941, "tokens_per_sec": 214197.58761603272}