{"validation_loss": 5.6903606206178665, "bleu": 3.206081792024543, "training_time": 53.02444934844971, "tokens_per_sec": 12069.903749386356}