{"validation_loss": 5.373736128211021, "bleu": 2.8869014404550395, "training_time": 52.80137300491333, "tokens_per_sec": 12120.896930851515}