{"validation_loss": 5.115821689367294, "bleu": 5.468658662441831, "training_time": 52.72456431388855, "tokens_per_sec": 196723.15562575098}