{"validation_loss": 5.01177042722702, "bleu": 5.621487650421996, "training_time": 52.80571460723877, "tokens_per_sec": 196028.95588681038}