{"validation_loss": 5.424281299114227, "bleu": 3.9445428323494625, "training_time": 52.66861414909363, "tokens_per_sec": 196981.4963595683}