{"validation_loss": 5.838411927223206, "bleu": 1.38544359568753, "training_time": 53.07592749595642, "tokens_per_sec": 194309.6274981366}