{"validation_loss": 5.0184155106544495, "bleu": 5.672151114980724, "training_time": 52.718406200408936, "tokens_per_sec": 196882.3197490011}