{"validation_loss": 5.18684595823288, "bleu": 5.532966179186639, "training_time": 52.68251848220825, "tokens_per_sec": 196997.81020451372}