{"validation_loss": 5.203110337257385, "bleu": 5.055893232004266, "training_time": 52.662076234817505, "tokens_per_sec": 197042.8718447328}