{"validation_loss": 5.048586577177048, "bleu": 5.678032392310126, "training_time": 52.720311641693115, "tokens_per_sec": 196908.67278827072}