{"validation_loss": 5.020642131567001, "bleu": 4.26294759544264, "training_time": 52.67752265930176, "tokens_per_sec": 196992.0551515808}