{"validation_loss": 5.102386713027954, "bleu": 4.76424463210749, "training_time": 52.681774377822876, "tokens_per_sec": 196949.53687981714}